stream,arm_id,dataset_or_base,source_config_path,bundle_path,sha256
rc4,SEL00M24_SELLA_PRFO,lemat,/scratch/11588/ndn454/sm_anskey/SADDLEMILL_FINAL35_RC4_BENCHMARK_READY_CANDIDATE_20260926_v1/final35/configs/SEL00M24_SELLA_PRFO/lemat/config.ini,configs/rc4/SEL00M24_SELLA_PRFO/lemat/config.ini,26017c709b95116511040247e86750600948f67edd63c11516d12daa3c470ca8
rc4,SEL00M24_SELLA_PRFO,mp20bat,/scratch/11588/ndn454/sm_anskey/SADDLEMILL_FINAL35_RC4_BENCHMARK_READY_CANDIDATE_20260926_v1/final35/configs/SEL00M24_SELLA_PRFO/mp20bat/config.ini,configs/rc4/SEL00M24_SELLA_PRFO/mp20bat/config.ini,26017c709b95116511040247e86750600948f67edd63c11516d12daa3c470ca8
rc4,SEL00M24_SELLA_PRFO,oc20,/scratch/11588/ndn454/sm_anskey/SADDLEMILL_FINAL35_RC4_BENCHMARK_READY_CANDIDATE_20260926_v1/final35/configs/SEL00M24_SELLA_PRFO/oc20/config.ini,configs/rc4/SEL00M24_SELLA_PRFO/oc20/config.ini,3fa399fd43774b7f142266431120b730ef63f750d4b6f1a4328b44911496ac5c
rc4,SEL00M24_SELLA_PRFO,oc22,/scratch/11588/ndn454/sm_anskey/SADDLEMILL_FINAL35_RC4_BENCHMARK_READY_CANDIDATE_20260926_v1/final35/configs/SEL00M24_SELLA_PRFO/oc22/config.ini,configs/rc4/SEL00M24_SELLA_PRFO/oc22/config.ini,9191f33644df6dcd5ee4c0eeebb03b68999ea514c550f85eceddb0644e116358
rc4,SEL03M24_SELLA_PRFO_FIXED_TRUST,lemat,/scratch/11588/ndn454/sm_anskey/SADDLEMILL_FINAL35_RC4_BENCHMARK_READY_CANDIDATE_20260926_v1/final35/configs/SEL03M24_SELLA_PRFO_FIXED_TRUST/lemat/config.ini,configs/rc4/SEL03M24_SELLA_PRFO_FIXED_TRUST/lemat/config.ini,13b24872caadb736fd5055e36f115539cc9bb909af62b60f1a9df446ad4c6a70
rc4,SEL03M24_SELLA_PRFO_FIXED_TRUST,mp20bat,/scratch/11588/ndn454/sm_anskey/SADDLEMILL_FINAL35_RC4_BENCHMARK_READY_CANDIDATE_20260926_v1/final35/configs/SEL03M24_SELLA_PRFO_FIXED_TRUST/mp20bat/config.ini,configs/rc4/SEL03M24_SELLA_PRFO_FIXED_TRUST/mp20bat/config.ini,13b24872caadb736fd5055e36f115539cc9bb909af62b60f1a9df446ad4c6a70
rc4,SEL03M24_SELLA_PRFO_FIXED_TRUST,oc20,/scratch/11588/ndn454/sm_anskey/SADDLEMILL_FINAL35_RC4_BENCHMARK_READY_CANDIDATE_20260926_v1/final35/configs/SEL03M24_SELLA_PRFO_FIXED_TRUST/oc20/config.ini,configs/rc4/SEL03M24_SELLA_PRFO_FIXED_TRUST/oc20/config.ini,ee22637808fbc184bf9f801a8c2a17a76eacc052191f9bffb85184c18186938a
rc4,SEL03M24_SELLA_PRFO_FIXED_TRUST,oc22,/scratch/11588/ndn454/sm_anskey/SADDLEMILL_FINAL35_RC4_BENCHMARK_READY_CANDIDATE_20260926_v1/final35/configs/SEL03M24_SELLA_PRFO_FIXED_TRUST/oc22/config.ini,configs/rc4/SEL03M24_SELLA_PRFO_FIXED_TRUST/oc22/config.ini,fe7945b68b7f0d3717d1af0b996ccb8f98d0c49d6c7fe0616d85190ee6d3bb36
rc4,SEL04M24_SELLA_QN,lemat,/scratch/11588/ndn454/sm_anskey/SADDLEMILL_FINAL35_RC4_BENCHMARK_READY_CANDIDATE_20260926_v1/final35/configs/SEL04M24_SELLA_QN/lemat/config.ini,configs/rc4/SEL04M24_SELLA_QN/lemat/config.ini,acd79728e468b8a8274c538007b1ed2afa07f00a93eeac95863c01d6c311b90b
rc4,SEL04M24_SELLA_QN,mp20bat,/scratch/11588/ndn454/sm_anskey/SADDLEMILL_FINAL35_RC4_BENCHMARK_READY_CANDIDATE_20260926_v1/final35/configs/SEL04M24_SELLA_QN/mp20bat/config.ini,configs/rc4/SEL04M24_SELLA_QN/mp20bat/config.ini,acd79728e468b8a8274c538007b1ed2afa07f00a93eeac95863c01d6c311b90b
rc4,SEL04M24_SELLA_QN,oc20,/scratch/11588/ndn454/sm_anskey/SADDLEMILL_FINAL35_RC4_BENCHMARK_READY_CANDIDATE_20260926_v1/final35/configs/SEL04M24_SELLA_QN/oc20/config.ini,configs/rc4/SEL04M24_SELLA_QN/oc20/config.ini,5ee821f5749915a147723d45fcb759e9fa5918e5fcf24e2a3f247153c93f8a11
rc4,SEL04M24_SELLA_QN,oc22,/scratch/11588/ndn454/sm_anskey/SADDLEMILL_FINAL35_RC4_BENCHMARK_READY_CANDIDATE_20260926_v1/final35/configs/SEL04M24_SELLA_QN/oc22/config.ini,configs/rc4/SEL04M24_SELLA_QN/oc22/config.ini,a7f8581632d58161a04db5b09fa7421de10de0d0fe38c61a3c5f0b6706b32986
